{
	"partitions" : [
		{
			"name" : "Top",
			"pins" : [
				{
					"name" : "DsrD[0]",
					"strict" : false
				},
				{
					"name" : "DsrD[1]",
					"strict" : false
				},
				{
					"name" : "DsrD[2]",
					"strict" : false
				},
				{
					"name" : "DsrD[3]",
					"strict" : false
				},
				{
					"name" : "DsrD[4]",
					"strict" : false
				},
				{
					"name" : "DsrD[5]",
					"strict" : false
				},
				{
					"name" : "DsrD[6]",
					"strict" : false
				},
				{
					"name" : "DsrU[0]",
					"strict" : false
				},
				{
					"name" : "DsrU[1]",
					"strict" : false
				},
				{
					"name" : "DsrU[2]",
					"strict" : false
				},
				{
					"name" : "DsrU[3]",
					"strict" : false
				},
				{
					"name" : "DsrU[4]",
					"strict" : false
				},
				{
					"name" : "DsrU[5]",
					"strict" : false
				},
				{
					"name" : "DsrU[6]",
					"strict" : false
				},
				{
					"name" : "SR_RD[0]",
					"strict" : false
				},
				{
					"name" : "SR_RD[1]",
					"strict" : false
				},
				{
					"name" : "SR_RD[2]",
					"strict" : false
				},
				{
					"name" : "SR_RD[3]",
					"strict" : false
				},
				{
					"name" : "SR_RD[4]",
					"strict" : false
				},
				{
					"name" : "SR_RD[5]",
					"strict" : false
				},
				{
					"name" : "SR_RD[6]",
					"strict" : false
				},
				{
					"name" : "SR_RD[7]",
					"strict" : false
				},
				{
					"name" : "SR_RD[8]",
					"strict" : false
				},
				{
					"name" : "SR_RD[9]",
					"strict" : false
				},
				{
					"name" : "SR_RD[10]",
					"strict" : false
				},
				{
					"name" : "SR_RD[11]",
					"strict" : false
				},
				{
					"name" : "SR_RD[12]",
					"strict" : false
				},
				{
					"name" : "SR_RD[13]",
					"strict" : false
				},
				{
					"name" : "SR_RD[14]",
					"strict" : false
				},
				{
					"name" : "SR_RD[15]",
					"strict" : false
				},
				{
					"name" : "SR_RD[16]",
					"strict" : false
				},
				{
					"name" : "SR_RD[17]",
					"strict" : false
				},
				{
					"name" : "SR_GR[0]",
					"strict" : false
				},
				{
					"name" : "SR_GR[1]",
					"strict" : false
				},
				{
					"name" : "SR_GR[2]",
					"strict" : false
				},
				{
					"name" : "SR_GR[3]",
					"strict" : false
				},
				{
					"name" : "SR_GR[4]",
					"strict" : false
				},
				{
					"name" : "SR_GR[5]",
					"strict" : false
				},
				{
					"name" : "SR_GR[6]",
					"strict" : false
				},
				{
					"name" : "SR_GR[7]",
					"strict" : false
				},
				{
					"name" : "DscM[0]",
					"strict" : false
				},
				{
					"name" : "DscM[1]",
					"strict" : false
				},
				{
					"name" : "DscM[2]",
					"strict" : false
				},
				{
					"name" : "DscM[3]",
					"strict" : false
				},
				{
					"name" : "DscM[4]",
					"strict" : false
				},
				{
					"name" : "DscM[5]",
					"strict" : false
				},
				{
					"name" : "DscM[6]",
					"strict" : false
				},
				{
					"name" : "DscC[0]",
					"strict" : false
				},
				{
					"name" : "DscC[1]",
					"strict" : false
				},
				{
					"name" : "DscC[2]",
					"strict" : false
				},
				{
					"name" : "DscC[3]",
					"strict" : false
				},
				{
					"name" : "DscC[4]",
					"strict" : false
				},
				{
					"name" : "DscC[5]",
					"strict" : false
				},
				{
					"name" : "DscC[6]",
					"strict" : false
				},
				{
					"name" : "DscD[0]",
					"strict" : false
				},
				{
					"name" : "DscD[1]",
					"strict" : false
				},
				{
					"name" : "DscD[2]",
					"strict" : false
				},
				{
					"name" : "DscD[3]",
					"strict" : false
				},
				{
					"name" : "DscD[4]",
					"strict" : false
				},
				{
					"name" : "DscD[5]",
					"strict" : false
				},
				{
					"name" : "DscD[6]",
					"strict" : false
				},
				{
					"name" : "DscU[0]",
					"strict" : false
				},
				{
					"name" : "DscU[1]",
					"strict" : false
				},
				{
					"name" : "DscU[2]",
					"strict" : false
				},
				{
					"name" : "DscU[3]",
					"strict" : false
				},
				{
					"name" : "DscU[4]",
					"strict" : false
				},
				{
					"name" : "DscU[5]",
					"strict" : false
				},
				{
					"name" : "DscU[6]",
					"strict" : false
				},
				{
					"name" : "DbkD[0]",
					"strict" : false
				},
				{
					"name" : "DbkD[2]",
					"strict" : false
				},
				{
					"name" : "DbkD[3]",
					"strict" : false
				},
				{
					"name" : "DbkD[4]",
					"strict" : false
				},
				{
					"name" : "DbkD[5]",
					"strict" : false
				},
				{
					"name" : "DbkD[6]",
					"strict" : false
				},
				{
					"name" : "DbkU[0]",
					"strict" : false
				},
				{
					"name" : "DbkU[1]",
					"strict" : false
				},
				{
					"name" : "DbkU[2]",
					"strict" : false
				},
				{
					"name" : "DbkU[3]",
					"strict" : false
				},
				{
					"name" : "DbkU[4]",
					"strict" : false
				},
				{
					"name" : "DbkU[5]",
					"strict" : false
				},
				{
					"name" : "DbkU[6]",
					"strict" : false
				},
				{
					"name" : "LedGameOver",
					"strict" : false
				},
				{
					"name" : "reset",
					"strict" : false
				},
				{
					"name" : "pause",
					"strict" : false
				},
				{
					"name" : "ChvCode[3]",
					"strict" : false
				},
				{
					"name" : "ChvCode[2]",
					"strict" : false
				},
				{
					"name" : "ChvCode[0]",
					"strict" : false
				},
				{
					"name" : "ChvCode[5]",
					"strict" : false
				},
				{
					"name" : "ChvCode[4]",
					"strict" : false
				},
				{
					"name" : "ChvCode[7]",
					"strict" : false
				},
				{
					"name" : "ChvCode[6]",
					"strict" : false
				},
				{
					"name" : "ChvCode[1]",
					"strict" : false
				},
				{
					"name" : "clk50",
					"strict" : false
				},
				{
					"name" : "block",
					"strict" : false
				},
				{
					"name" : "start",
					"strict" : false
				},
				{
					"name" : "fire",
					"strict" : false
				}
			]
		}
	]
}